{
  "updateBooking" : {
    "transaction" : "updateBooking",
    "sampleCount" : 2000,
    "errorCount" : 2,
    "errorPct" : 0.1,
    "meanResTime" : 669.3149999999991,
    "medianResTime" : 363.0,
    "minResTime" : 285.0,
    "maxResTime" : 27737.0,
    "pct1ResTime" : 1317.9,
    "pct2ResTime" : 1658.199999999997,
    "pct3ResTime" : 4863.350000000001,
    "throughput" : 14.81371750240723,
    "receivedKBytesPerSec" : 13.32368030608844,
    "sentKBytesPerSec" : 7.2619765434041925
  },
  "auth" : {
    "transaction" : "auth",
    "sampleCount" : 2000,
    "errorCount" : 2,
    "errorPct" : 0.1,
    "meanResTime" : 15385.59149999998,
    "medianResTime" : 13033.0,
    "minResTime" : 1398.0,
    "maxResTime" : 137266.0,
    "pct1ResTime" : 28915.5,
    "pct2ResTime" : 35331.64999999999,
    "pct3ResTime" : 52939.62,
    "throughput" : 14.541330095463833,
    "receivedKBytesPerSec" : 11.055408318277,
    "sentKBytesPerSec" : 3.5465792884200122
  },
  "getBookingByID" : {
    "transaction" : "getBookingByID",
    "sampleCount" : 2000,
    "errorCount" : 0,
    "errorPct" : 0.0,
    "meanResTime" : 867.7905000000012,
    "medianResTime" : 359.0,
    "minResTime" : 284.0,
    "maxResTime" : 37205.0,
    "pct1ResTime" : 1479.9,
    "pct2ResTime" : 2364.8999999999924,
    "pct3ResTime" : 14427.97,
    "throughput" : 14.803629850039231,
    "receivedKBytesPerSec" : 13.284436250018505,
    "sentKBytesPerSec" : 2.891333955085787
  },
  "Total" : {
    "transaction" : "Total",
    "sampleCount" : 12000,
    "errorCount" : 8,
    "errorPct" : 0.06666667,
    "meanResTime" : 3186.0315833333275,
    "medianResTime" : 380.0,
    "minResTime" : 284.0,
    "maxResTime" : 137266.0,
    "pct1ResTime" : 10574.399999999998,
    "pct2ResTime" : 20028.09999999998,
    "pct3ResTime" : 34371.57999999999,
    "throughput" : 85.48774319481944,
    "receivedKBytesPerSec" : 72.92746626573508,
    "sentKBytesPerSec" : 27.643054499326784
  },
  "deleteBooking" : {
    "transaction" : "deleteBooking",
    "sampleCount" : 2000,
    "errorCount" : 2,
    "errorPct" : 0.1,
    "meanResTime" : 530.7160000000009,
    "medianResTime" : 356.0,
    "minResTime" : 286.0,
    "maxResTime" : 26691.0,
    "pct1ResTime" : 733.0,
    "pct2ResTime" : 1436.8499999999995,
    "pct3ResTime" : 2868.210000000001,
    "throughput" : 15.018171988105609,
    "receivedKBytesPerSec" : 11.061323654747245,
    "sentKBytesPerSec" : 3.798321555019073
  },
  "createBooking" : {
    "transaction" : "createBooking",
    "sampleCount" : 2000,
    "errorCount" : 0,
    "errorPct" : 0.0,
    "meanResTime" : 1040.4044999999987,
    "medianResTime" : 362.0,
    "minResTime" : 285.0,
    "maxResTime" : 32302.0,
    "pct1ResTime" : 1767.4000000000015,
    "pct2ResTime" : 3281.399999999994,
    "pct3ResTime" : 13723.170000000002,
    "throughput" : 14.793227660377081,
    "receivedKBytesPerSec" : 13.690583232246277,
    "sentKBytesPerSec" : 6.717627794995451
  },
  "UpdateByPatch" : {
    "transaction" : "UpdateByPatch",
    "sampleCount" : 2000,
    "errorCount" : 2,
    "errorPct" : 0.1,
    "meanResTime" : 622.3720000000013,
    "medianResTime" : 361.0,
    "minResTime" : 285.0,
    "maxResTime" : 23266.0,
    "pct1ResTime" : 1295.8000000000002,
    "pct2ResTime" : 1620.749999999999,
    "pct3ResTime" : 3994.83,
    "throughput" : 14.914243102162565,
    "receivedKBytesPerSec" : 13.413744989746458,
    "sentKBytesPerSec" : 4.529400284302759
  }
}