{
  "updateBooking" : {
    "transaction" : "updateBooking",
    "sampleCount" : 1500,
    "errorCount" : 0,
    "errorPct" : 0.0,
    "meanResTime" : 622.5253333333333,
    "medianResTime" : 351.0,
    "minResTime" : 285.0,
    "maxResTime" : 18560.0,
    "pct1ResTime" : 1193.7000000000003,
    "pct2ResTime" : 1439.95,
    "pct3ResTime" : 6556.470000000002,
    "throughput" : 22.69872735801946,
    "receivedKBytesPerSec" : 20.458292034259948,
    "sentKBytesPerSec" : 11.125657080867999
  },
  "auth" : {
    "transaction" : "auth",
    "sampleCount" : 1500,
    "errorCount" : 0,
    "errorPct" : 0.0,
    "meanResTime" : 7145.243999999994,
    "medianResTime" : 5630.5,
    "minResTime" : 1330.0,
    "maxResTime" : 67713.0,
    "pct1ResTime" : 13578.600000000002,
    "pct2ResTime" : 19167.3,
    "pct3ResTime" : 26006.39,
    "throughput" : 22.115739034279393,
    "receivedKBytesPerSec" : 16.817003778105416,
    "sentKBytesPerSec" : 5.399350350165868
  },
  "getBookingByID" : {
    "transaction" : "getBookingByID",
    "sampleCount" : 1500,
    "errorCount" : 0,
    "errorPct" : 0.0,
    "meanResTime" : 624.0366666666667,
    "medianResTime" : 351.0,
    "minResTime" : 285.0,
    "maxResTime" : 19294.0,
    "pct1ResTime" : 1279.0,
    "pct2ResTime" : 1900.9000000000065,
    "pct3ResTime" : 4122.1,
    "throughput" : 22.688770571151984,
    "receivedKBytesPerSec" : 20.413512297313652,
    "sentKBytesPerSec" : 4.42936205794712
  },
  "Total" : {
    "transaction" : "Total",
    "sampleCount" : 9000,
    "errorCount" : 0,
    "errorPct" : 0.0,
    "meanResTime" : 1710.9021111111088,
    "medianResTime" : 354.0,
    "minResTime" : 284.0,
    "maxResTime" : 67713.0,
    "pct1ResTime" : 4862.900000000001,
    "pct2ResTime" : 9491.849999999997,
    "pct3ResTime" : 18545.04999999998,
    "throughput" : 128.58979854264896,
    "receivedKBytesPerSec" : 109.90289349371339,
    "sentKBytesPerSec" : 41.57887510715817
  },
  "deleteBooking" : {
    "transaction" : "deleteBooking",
    "sampleCount" : 1500,
    "errorCount" : 0,
    "errorPct" : 0.0,
    "meanResTime" : 563.1920000000006,
    "medianResTime" : 349.0,
    "minResTime" : 285.0,
    "maxResTime" : 16920.0,
    "pct1ResTime" : 1128.9,
    "pct2ResTime" : 1403.6000000000004,
    "pct3ResTime" : 3644.7400000000002,
    "throughput" : 22.752093192573717,
    "receivedKBytesPerSec" : 16.786660258160417,
    "sentKBytesPerSec" : 5.752635687795777
  },
  "createBooking" : {
    "transaction" : "createBooking",
    "sampleCount" : 1500,
    "errorCount" : 0,
    "errorPct" : 0.0,
    "meanResTime" : 727.9580000000003,
    "medianResTime" : 352.0,
    "minResTime" : 285.0,
    "maxResTime" : 19893.0,
    "pct1ResTime" : 1342.6000000000004,
    "pct2ResTime" : 2181.55,
    "pct3ResTime" : 5623.200000000003,
    "throughput" : 22.670253604570323,
    "receivedKBytesPerSec" : 21.034659747831213,
    "sentKBytesPerSec" : 10.294597584106642
  },
  "UpdateByPatch" : {
    "transaction" : "UpdateByPatch",
    "sampleCount" : 1500,
    "errorCount" : 0,
    "errorPct" : 0.0,
    "meanResTime" : 582.4566666666675,
    "medianResTime" : 351.0,
    "minResTime" : 284.0,
    "maxResTime" : 13124.0,
    "pct1ResTime" : 1186.9,
    "pct2ResTime" : 1458.5500000000004,
    "pct3ResTime" : 3933.170000000003,
    "throughput" : 22.73519559846613,
    "receivedKBytesPerSec" : 20.484055996786758,
    "sentKBytesPerSec" : 6.902884954226472
  }
}