{
  "updateBooking" : {
    "transaction" : "updateBooking",
    "sampleCount" : 1000,
    "errorCount" : 0,
    "errorPct" : 0.0,
    "meanResTime" : 460.51399999999984,
    "medianResTime" : 350.0,
    "minResTime" : 287.0,
    "maxResTime" : 6661.0,
    "pct1ResTime" : 1037.3999999999992,
    "pct2ResTime" : 1134.8999999999999,
    "pct3ResTime" : 2699.5100000000066,
    "throughput" : 64.56611570247934,
    "receivedKBytesPerSec" : 58.29891488571798,
    "sentKBytesPerSec" : 31.652529377582646
  },
  "auth" : {
    "transaction" : "auth",
    "sampleCount" : 1000,
    "errorCount" : 0,
    "errorPct" : 0.0,
    "meanResTime" : 3095.100000000001,
    "medianResTime" : 2991.5,
    "minResTime" : 1187.0,
    "maxResTime" : 12119.0,
    "pct1ResTime" : 5294.9,
    "pct2ResTime" : 6256.049999999997,
    "pct3ResTime" : 10552.57,
    "throughput" : 56.233481414834394,
    "receivedKBytesPerSec" : 42.79829225946128,
    "sentKBytesPerSec" : 13.728877298543551
  },
  "getBookingByID" : {
    "transaction" : "getBookingByID",
    "sampleCount" : 1000,
    "errorCount" : 0,
    "errorPct" : 0.0,
    "meanResTime" : 453.02699999999953,
    "medianResTime" : 345.0,
    "minResTime" : 286.0,
    "maxResTime" : 3868.0,
    "pct1ResTime" : 1060.2999999999997,
    "pct2ResTime" : 1195.0,
    "pct3ResTime" : 2339.940000000002,
    "throughput" : 64.58696635019052,
    "receivedKBytesPerSec" : 58.16586134792998,
    "sentKBytesPerSec" : 12.614641865271588
  },
  "Total" : {
    "transaction" : "Total",
    "sampleCount" : 6000,
    "errorCount" : 0,
    "errorPct" : 0.0,
    "meanResTime" : 891.9069999999973,
    "medianResTime" : 351.0,
    "minResTime" : 284.0,
    "maxResTime" : 12119.0,
    "pct1ResTime" : 2545.5000000000027,
    "pct2ResTime" : 3677.699999999999,
    "pct3ResTime" : 6113.859999999997,
    "throughput" : 309.981401115933,
    "receivedKBytesPerSec" : 265.32833811221326,
    "sentKBytesPerSec" : 100.24951888303367
  },
  "deleteBooking" : {
    "transaction" : "deleteBooking",
    "sampleCount" : 1000,
    "errorCount" : 0,
    "errorPct" : 0.0,
    "meanResTime" : 446.8410000000002,
    "medianResTime" : 346.0,
    "minResTime" : 288.0,
    "maxResTime" : 3127.0,
    "pct1ResTime" : 1003.8,
    "pct2ResTime" : 1074.9499999999998,
    "pct3ResTime" : 1720.96,
    "throughput" : 64.81721545242416,
    "receivedKBytesPerSec" : 47.92422867513611,
    "sentKBytesPerSec" : 16.394198049001815
  },
  "createBooking" : {
    "transaction" : "createBooking",
    "sampleCount" : 1000,
    "errorCount" : 0,
    "errorPct" : 0.0,
    "meanResTime" : 470.9069999999999,
    "medianResTime" : 347.0,
    "minResTime" : 284.0,
    "maxResTime" : 4152.0,
    "pct1ResTime" : 1164.6,
    "pct2ResTime" : 1261.0,
    "pct3ResTime" : 2239.6400000000003,
    "throughput" : 64.74587245063128,
    "receivedKBytesPerSec" : 60.135764001294916,
    "sentKBytesPerSec" : 29.401201845257365
  },
  "UpdateByPatch" : {
    "transaction" : "UpdateByPatch",
    "sampleCount" : 1000,
    "errorCount" : 0,
    "errorPct" : 0.0,
    "meanResTime" : 425.05300000000005,
    "medianResTime" : 347.0,
    "minResTime" : 288.0,
    "maxResTime" : 3067.0,
    "pct1ResTime" : 461.79999999999995,
    "pct2ResTime" : 1090.9499999999998,
    "pct3ResTime" : 1811.5300000000004,
    "throughput" : 64.50364445591177,
    "receivedKBytesPerSec" : 58.24200356382636,
    "sentKBytesPerSec" : 19.590462329871638
  }
}