{
  "updateBooking" : {
    "transaction" : "updateBooking",
    "sampleCount" : 500,
    "errorCount" : 0,
    "errorPct" : 0.0,
    "meanResTime" : 335.0800000000002,
    "medianResTime" : 300.0,
    "minResTime" : 287.0,
    "maxResTime" : 1071.0,
    "pct1ResTime" : 362.90000000000003,
    "pct2ResTime" : 385.9,
    "pct3ResTime" : 975.97,
    "throughput" : 43.11831666091756,
    "receivedKBytesPerSec" : 38.85836171955847,
    "sentKBytesPerSec" : 21.18018875043118
  },
  "auth" : {
    "transaction" : "auth",
    "sampleCount" : 500,
    "errorCount" : 0,
    "errorPct" : 0.0,
    "meanResTime" : 1461.6399999999992,
    "medianResTime" : 1215.0,
    "minResTime" : 1146.0,
    "maxResTime" : 4366.0,
    "pct1ResTime" : 2184.000000000001,
    "pct2ResTime" : 2429.2999999999997,
    "pct3ResTime" : 3424.900000000001,
    "throughput" : 39.98080921157844,
    "receivedKBytesPerSec" : 30.343560091156245,
    "sentKBytesPerSec" : 9.760939748920517
  },
  "getBookingByID" : {
    "transaction" : "getBookingByID",
    "sampleCount" : 500,
    "errorCount" : 0,
    "errorPct" : 0.0,
    "meanResTime" : 339.3000000000001,
    "medianResTime" : 297.0,
    "minResTime" : 285.0,
    "maxResTime" : 1684.0,
    "pct1ResTime" : 358.80000000000007,
    "pct2ResTime" : 381.95,
    "pct3ResTime" : 1088.92,
    "throughput" : 42.973785990545764,
    "receivedKBytesPerSec" : 38.61966856467555,
    "sentKBytesPerSec" : 8.435284164159862
  },
  "Total" : {
    "transaction" : "Total",
    "sampleCount" : 3000,
    "errorCount" : 0,
    "errorPct" : 0.0,
    "meanResTime" : 520.7689999999996,
    "medianResTime" : 300.0,
    "minResTime" : 285.0,
    "maxResTime" : 4366.0,
    "pct1ResTime" : 1198.0,
    "pct2ResTime" : 1481.0,
    "pct3ResTime" : 2372.9299999999985,
    "throughput" : 203.1144211238998,
    "receivedKBytesPerSec" : 173.50599822274881,
    "sentKBytesPerSec" : 65.82044473595126
  },
  "deleteBooking" : {
    "transaction" : "deleteBooking",
    "sampleCount" : 500,
    "errorCount" : 0,
    "errorPct" : 0.0,
    "meanResTime" : 325.01599999999985,
    "medianResTime" : 298.0,
    "minResTime" : 286.0,
    "maxResTime" : 1021.0,
    "pct1ResTime" : 338.0,
    "pct2ResTime" : 389.95,
    "pct3ResTime" : 929.95,
    "throughput" : 43.110881186411454,
    "receivedKBytesPerSec" : 31.814483100534574,
    "sentKBytesPerSec" : 10.946122176237282
  },
  "createBooking" : {
    "transaction" : "createBooking",
    "sampleCount" : 500,
    "errorCount" : 0,
    "errorPct" : 0.0,
    "meanResTime" : 332.28000000000037,
    "medianResTime" : 296.0,
    "minResTime" : 285.0,
    "maxResTime" : 1849.0,
    "pct1ResTime" : 322.90000000000003,
    "pct2ResTime" : 352.95,
    "pct3ResTime" : 1103.95,
    "throughput" : 42.999656002751976,
    "receivedKBytesPerSec" : 39.881173138114896,
    "sentKBytesPerSec" : 19.526210977812177
  },
  "UpdateByPatch" : {
    "transaction" : "UpdateByPatch",
    "sampleCount" : 500,
    "errorCount" : 0,
    "errorPct" : 0.0,
    "meanResTime" : 331.2979999999997,
    "medianResTime" : 299.0,
    "minResTime" : 285.0,
    "maxResTime" : 1037.0,
    "pct1ResTime" : 357.90000000000003,
    "pct2ResTime" : 393.0,
    "pct3ResTime" : 950.94,
    "throughput" : 43.10716441072506,
    "receivedKBytesPerSec" : 38.843259656004825,
    "sentKBytesPerSec" : 13.134214156392792
  }
}